item_id,model_name,category,source_platform,raw_title,title,price,shipping_cost,total_cost,currency,condition_id,is_sold,is_for_parts_or_not_working,has_bent_pins,seller_username,feedback_score,feedback_percentage,is_top_rated,epid,buying_options,quantity_sold,bid_count,item_start_date,item_end_date,date_listed,date_fetched,image_urls,item_url,process_state,is_parsed_by_agent
227355061956,5800X,164,ebay,AMD Ryzen 7 5800X 8-Core 3.8GHz CPU Socket AM4 3 Bent Pins!Opens in a new window or tab,AMD Ryzen 7 5800X 8-Core 3.8GHz CPU Socket AM4 3 Bent Pins!,130.0,0.0,130.0,USD,3000,1,1,1,,,,0,,[],1,0,,,,2026-06-14 12:12:54.165465,"""[]""",https://www.ebay.com/itm/227355061956?_skw=Ryzen+5800X&epid=25041983953&itmmeta=01KV30QGCYRF203S77S1R9QDTX&hash=item34ef6aeec4%3Ag%3AJmcAAeSw8kxqEUy3&itmprp=enc%3AAQALAAAA0GfYFPkwiKCW4ZNSs2u11xB7gh%2FCtoHXlF1zfSp6lBs7pc1Pm7IRWGm9eax9N0DdYscoI3m06DYHxjyycpLOEIPwojbmYa5IrtUYzfcQlzAkGkmnerkGx3eUZjvh0%2Fp1eafvVbDVKmmUcYof1MpxjLXmBad0GmR3nvmtiz9kyti%2Fvzh7hae7PrFBVFS27DoXUISqW2YTQc7XMVYUVcdKp%2BP3jJ1h%2BBOMNtBSZtLrtZO2spTtZnZQSFbTLWvBwY4QSEjArvRpbwNaxMQnjQ6ZYH0%3D%7Ctkp%3ABk9SR9KG3uDYZw&LH_ItemCondition=7000,HYDRATED,1
168299407689,5800X,164,ebay,AMD Ryzen 7 5800X Processor Bent PinsOpens in a new window or tab,AMD Ryzen 7 5800X Processor Bent Pins,125.0,0.0,125.0,USD,3000,1,1,1,,,,0,,[],1,0,,,,2026-06-14 12:12:54.166677,"""[]""",https://www.ebay.com/itm/168299407689?_skw=Ryzen+5800X&itmmeta=01KV30QGCYN5CXAANT01GHMM0G&hash=item272f6d2949%3Ag%3ACiIAAeSwPfdp2Naz&itmprp=enc%3AAQALAAAA4GfYFPkwiKCW4ZNSs2u11xBNlGmqItaAnevMfZysUpu7gi48lKL0wgytPaOpxmOGS%2FZ6O5Kh86TkRSPnCPYsyhJBWxT%2BeJIV1vpYivtlOxOWmn8N%2BJZgRTcOqXejli2%2FmIDlnhfRCrxQ4p7WqZF7SbQ5GMabOvVQzifRVlEsv8kTSqqPUPdmLyM1KM1t%2BKNa%2FCVzyxb2YRAt95V3hYmz8hojOKehAn8Ns3MI0P%2FJV7G%2Fs2dx%2BygCTwA5oP1yDWyPPdPML%2BkVPHCj7cAU8j7Fwi64MT%2BZFeaW0c6vag9z2MQM%7Ctkp%3ABk9SR9KG3uDYZw&LH_ItemCondition=7000,HYDRATED,1
227377562374,5800X,164,ebay,"AMD Ryzen 7 5800X Processor (4.7GHz, 8 Cores, Socket AM4) Box - 100-100000063WOFOpens in a new window or tab","AMD Ryzen 7 5800X Processor (4.7GHz, 8 Cores, Socket AM4) Box - 100-100000063WOF",120.0,0.0,120.0,USD,3000,1,1,0,,,,0,,[],1,0,,,,2026-06-14 12:12:54.167593,"""[]""",https://www.ebay.com/itm/227377562374?_skw=Ryzen+5800X&epid=12041984358&itmmeta=01KV30QTNG2N0S22V1DBDHFTN1&hash=item34f0c24306%3Ag%3A66wAAeSw80RqJfPt&itmprp=enc%3AAQALAAAA0GfYFPkwiKCW4ZNSs2u11xATUn7Ij0WIXEtk24AFt1NqcuzIoc%2Bc3N9w6X4MMeLiSdqkv7elRoQSNP7qLzuPFW52ZzzqIMInn2TxFZf42oJsgKCn3gLy70fMiJWQbQCvLEQd1yWOlyVQDHOjJipQ08RQLOwPOU0pohtaro%2F5yL6%2FoGL5ywHLdLlLv6pJtsEnd2q3RDOXJ%2B1iwr5lUdxTE0AYo3itZfOYYtQkwJOVs4nNTUoEyD5jfwzLo8hSh8JVljAfqoxN%2FeIysrpUX2Z490E%3D%7Ctkp%3ABk9SR_iq3-DYZw&LH_ItemCondition=2000%2C3000,HYDRATED,1
267668162189,5800X,164,ebay,"AMD Ryzen 7 5800X Processor (4.7GHz, 8 Cores, Socket AM4)Opens in a new window or tab","AMD Ryzen 7 5800X Processor (4.7GHz, 8 Cores, Socket AM4)",120.0,0.0,120.0,USD,3000,1,0,0,,,,0,,[],1,0,,,,2026-06-14 12:12:54.168557,"""[]""",https://www.ebay.com/itm/267668162189?_skw=Ryzen+5800X&epid=12041984358&itmmeta=01KV30QTNGPWSBJBE6QCFCYDNY&hash=item3e5244068d%3Ag%3AIsEAAeSwa5xqA-Uq&itmprp=enc%3AAQALAAAA8GfYFPkwiKCW4ZNSs2u11xAVVKdw4bQcs8hiV%2FhDfuzYn8LC2KzLM4JeGlzkt6rfEEleHfsaTgIy19mJBCmDIKJQ7AOzWZpqiseOWY61wAeOW8Xz%2FXHlJhaBFyi5efklP8PQZA01bzqqWsrMOTm2K2AAGIFIwWPeWGEXplYiSB5KgRA%2FMWm1%2FsyFZlvjVOkKmRmd200z1jnzgCl8hUSte72iJpLARvBCUEow%2FiA6VuOFR1DyTJMp92iHiDJf7%2BjqaPwgQiTxtBC8TFjZ%2BaFosvhXp4o5oyoIAA2CLnZe76KxuK8BH%2BuQ1ehjEDKJk2Z%2BZg%3D%3D%7Ctkp%3ABk9SR_iq3-DYZw&LH_ItemCondition=2000%2C3000,HYDRATED,1
198287336902,5800X,164,ebay,"AMD Ryzen 7 5800X Processor (4.7GHz, 8 Cores, Socket AM4) Box - 100-100000063WOFOpens in a new window or tab","AMD Ryzen 7 5800X Processor (4.7GHz, 8 Cores, Socket AM4) Box - 100-100000063WOF",120.0,0.0,120.0,USD,3000,1,1,1,,,,0,,[],1,0,,,,2026-06-14 12:12:54.169579,"""[]""",https://www.ebay.com/itm/198287336902?_skw=Ryzen+5800X&epid=12041984358&itmmeta=01KV30QTNGPSHS9B2TK8DH1ZG8&hash=item2e2ad8a5c6%3Ag%3AKp8AAeSw%7Eo5p4WAS&itmprp=enc%3AAQALAAAA0GfYFPkwiKCW4ZNSs2u11xDVbsP7jvwcGyoj84umL6Zem%2BK4i0djHeUiCaKQTF4bnS36GVTnur1cO3AoyBPzWUk%2F9I%2F%2BrvBrRZ1bRuXU1vbwz%2Bwr5EWPP8sv4KqDWSX5T5n4PHLBARHxKfVo3eJ2jjEVJAT463GOGm97NX7owSiIYmevmPKoGn592zCI%2F98sbBRBPe5h9RCQGTAIH91n7%2Fj4poJcC6PscqvoVxvNEBTnQXqHM5Lc5w%2FRoPu3Kygt%2BKVlQulb1hZRb5aV%2FJjWzbI%3D%7Ctkp%3ABk9SR_iq3-DYZw&LH_ItemCondition=2000%2C3000,HYDRATED,1
318137968190,5800X,164,ebay,AMD Ryzen 5800X 8 CoreOpens in a new window or tab,AMD Ryzen 5800X 8 Core,120.0,0.0,120.0,USD,3000,1,1,1,,,,0,,[],1,0,,,,2026-06-14 12:12:54.170511,"""[]""",https://www.ebay.com/itm/318137968190?_skw=Ryzen+5800X&epid=12041984358&itmmeta=01KV30QTNG7KFNTSGT7CPJ32WR&hash=item4a1280263e%3Ag%3At-MAAeSwkuFp2xhr&itmprp=enc%3AAQALAAAA0GfYFPkwiKCW4ZNSs2u11xDRXoyqmHD1TJ9Jq5lM0OgfK6WZPSLvnXnFiYHmvMmFCy8Plg6LWEiWjysSU50hoOCXc%2FmYZ2jzXjJl%2BHU85dRQw1nmNMgAeqSYGmPsgW%2Fk9ExvQ31QHvMBWERmO1wDVtSL5THvOQnH1s3GaN32yzqxYO3tZYlnXZkll4LN3rmh7Ir4JiOklQOfMkfTh4aHuFwnXRYpsfh4gfptKi%2FiukjBiK%2FCyTlUSnkaeFfvjbtOOABI6jPiUROVoqHPQUgIKgY%3D%7Ctkp%3ABk9SR_iq3-DYZw&LH_ItemCondition=2000%2C3000,HYDRATED,1
318097425262,5800X,164,ebay,AMD Ryzen 7 5800X 8-Core 16-Thread Desktop Processor 100-000000063Opens in a new window or tab,AMD Ryzen 7 5800X 8-Core 16-Thread Desktop Processor 100-000000063,125.0,0.0,125.0,USD,3000,1,1,0,,,,0,,[],1,0,,,,2026-06-14 12:12:54.172577,"""[]""",https://www.ebay.com/itm/318097425262?_skw=Ryzen+5800X&epid=25041983953&itmmeta=01KV30QTNGS4RKSDPQSD6YT2TS&hash=item4a1015836e%3Ag%3AES8AAeSw2Rtpzwxz&itmprp=enc%3AAQALAAAA0GfYFPkwiKCW4ZNSs2u11xD%2FN6TCTb6bueQBJevMSzyzXPjKnZ6DBcW8BJBP7nHeG1vTB1GEwQo46eD64C7U3OGvKJVlmjgyM%2F2rq0FJNtJKegdl%2BbKWZpL5YEa8qgTH8nsHtlRlel8o4PtY9%2BT8QNoo1lFyq5TxIk8EqvxiMoTnr0FWeY8FAn9w8AjW244gCtgZ6DyHNEC%2BmYFA3hR0uiT%2FeVck1qcAYMK3bdlsKZlirJ6xslovx4a%2F%2BQPolkz1DrKKhNGqQQ3c2IjMPAqinhM%3D%7Ctkp%3ABk9SR_iq3-DYZw&LH_ItemCondition=2000%2C3000,HYDRATED,1
157777536630,5800X,164,ebay,AMD Ryzen 7 5800X + Intel i3-12100F CPU + Intel Cooler PC Parts BundleOpens in a new window or tab,AMD Ryzen 7 5800X + Intel i3-12100F CPU + Intel Cooler PC Parts Bundle,120.0,0.0,120.0,USD,3000,1,0,0,,,,0,,[],1,0,,,,2026-06-14 12:12:54.173532,"""[]""",https://www.ebay.com/itm/157777536630?_skw=Ryzen+5800X&itmmeta=01KV30QTNG9DZVHANM3W5GVZFH&hash=item24bc462676%3Ag%3AsWIAAeSwXslpwHxH&itmprp=enc%3AAQALAAAA0GfYFPkwiKCW4ZNSs2u11xBRZR55GecgR1SKrRFTvIfj4qhmuqaDw6CHsrks2TB41hqnWfYZV2k%2BgLBqE%2FxayMjZNZRhTGKgMBn33aEsI7zZi5UJFWdkUHuApBgpcLFVi05miOs17uNs7Wv6KvSY9lvADyIHki2uImC3Yk3wpcw5CxzVqc0WtNrRtdMS%2FF9%2FLq6SlR7Mc%2FIZWDnjriunF%2B04NxRZi4Ej8xTKS8dpqp3cj5ZL1%2BPzAC%2FlI9sFxxHRpJfHXPI594mOZi88RiJhQCE%3D%7Ctkp%3ABk9SR_iq3-DYZw&LH_ItemCondition=2000%2C3000,HYDRATED,1
397880563044,5800X,164,ebay,"AMD Ryzen 7 5800X Processor (4.7GHz, 8 Cores, Socket AM4) Box - 100-100000063WOFOpens in a new window or tab","AMD Ryzen 7 5800X Processor (4.7GHz, 8 Cores, Socket AM4) Box - 100-100000063WOF",113.5,0.0,113.5,USD,3000,1,1,1,,,,0,,[],1,0,,,,2026-06-14 13:05:55.485769,"""[]""",https://www.ebay.com/itm/397880563044?_skw=Ryzen+5800X&epid=12041984358&itmmeta=01KV33R9MRD5G1R7SEA3B5V4QH&hash=item5ca3879564%3Ag%3AtOUAAeSwy6tp7U4Z&itmprp=enc%3AAQALAAAA0GfYFPkwiKCW4ZNSs2u11xB%2FPtZpXaAPfJzf%2FAsEBFzFqIyqZBUgmnUDzkeDk4cwQqqyL7iBIaEYHivf55am6OICQNfp1CqHzPZn3hudx7t12TM1zgV8sBkLlXlYB5nZOV797%2FqjkSTskktL%2B770LNuaqoYDx6wkQOyIdod3jzwP%2B1NdCRftQMnvnFR0CjB0Qa795ZxfjtFSXlyTds0Od7IuwnY1n1R6qZswwapFl8CsQulyPVpApRl2cNF3brzYBy%2BhpJsf7NST7KvD9EtUuoI%3D%7Ctkp%3ABk9SR7ya4ePYZw&LH_ItemCondition=7000,HYDRATED,1
406562182219,5800X,164,ebay,AMD RYZEN 7 2700 2700X 3700X 3800X 5700X 5700G 5800X R7 Socket AM4 CPUOpens in a new window or tab,AMD RYZEN 7 2700 2700X 3700X 3800X 5700X 5700G 5800X R7 Socket AM4 CPU,75.0,0.0,75.0,USD,3000,1,1,0,,,,0,,[],1,0,,,,2026-06-14 13:05:55.495862,"""[]""",https://www.ebay.com/itm/406562182219?_skw=Ryzen+5800X&itmmeta=01KV33RPHN358G1XS3EYXQGQ0R&hash=item5ea8fe944b%3Ag%3AoJ8AAeSwRslpXO9p&itmprp=enc%3AAQALAAAA0GfYFPkwiKCW4ZNSs2u11xDD1gRcfLU1OhZj%2FfC22AgYGrnQOQNwou5hYiGHlgpMlb8phFXtZtJfgXGv5NaJjhO4tJ1jFIMwiwJSlDU0wYV8EH26ubPlaNp2Yz8md%2BdKsgJdYYIz8NolmRPpK073ZOOFGYTQilznHQh4DfnX%2Bfbsxq8ZVD0XnVMb1pXvC%2B51mDaSRm7MdS58pbmgDbU4vZPTCtLhT03gXaiXJRstA4gg0FEB6YWy48ydzaxXIQGY4BvOeqkTSYS%2ByidV72Q1ILU%3D%7Ctkp%3ABk9SR5Tp4uPYZw&LH_ItemCondition=2000%2C3000,HYDRATED,1
406562224674,5800X,164,ebay,AMD RYZEN 7 3700X 3800X 5700X 5700G 5800X 5700X3D R7 Socket AM4 CPUOpens in a new window or tab,AMD RYZEN 7 3700X 3800X 5700X 5700G 5800X 5700X3D R7 Socket AM4 CPU,109.0,0.0,109.0,USD,3000,1,1,0,,,,0,,[],1,0,,,,2026-06-14 13:05:55.496808,"""[]""",https://www.ebay.com/itm/406562224674?_skw=Ryzen+5800X&itmmeta=01KV33RPHN9Y34WFGEBNJMF9FF&hash=item5ea8ff3a22%3Ag%3AoJ8AAeSwRslpXO9p&itmprp=enc%3AAQALAAAA8GfYFPkwiKCW4ZNSs2u11xBFDjyxoa%2F4pWLHQ79sYeVVzipkNcHb%2BlZ%2FcN6vP%2F6TPHCzdQTZbF%2BuGpyU99HQX68%2FhS7J70DeRrh7TfL38VuOMxoCTZ0LiG0qhCAbHctUyxzlBgzfyQUCeHIYl9GUEgjpji95xfxpvFIFIGgjEfdSJ0AHmh8RWQ%2BTVxxq4cavC2W%2FZKYk9il5nd4c1cuRXWDuQ%2FvL98UJMQxP6%2F46O%2BQPFi0zO0HiI9lPWVolDzYX5GV4BSaY6cSXim1buYY7Bsg4hxofBAll1lsiaShOdztnFXqzSa%2F6WVNpa78MxIpF9w%3D%3D%7Ctkp%3ABk9SR5bp4uPYZw&LH_ItemCondition=2000%2C3000,HYDRATED,1
137243166512,5800X,164,ebay,AMD Ryzen 7 5800X Desktop ProcessorOpens in a new window or tab,AMD Ryzen 7 5800X Desktop Processor,110.0,0.0,110.0,USD,3000,1,1,0,,,,0,,[],1,0,,,,2026-06-14 13:05:55.498803,"""[]""",https://www.ebay.com/itm/137243166512?_skw=Ryzen+5800X&epid=25041983953&itmmeta=01KV33RPHPTH07DESN1K1K3PB3&hash=item1ff4548730%3Ag%3AUocAAeSwAU9p5oVI&itmprp=enc%3AAQALAAAA8GfYFPkwiKCW4ZNSs2u11xDKSL5c976XihSqW7J0ljpJDlnRSrW4%2BbAHoNvA7%2B8TTj1dkA2U0nrdBe9K5Kl5Z%2Fo1pU12FiAtqnHjXKPCYrfqefd15hmeMHMD2MAP0tpriE61cotMbIw7PMYbcz%2FxEQ2hWEBU8g8XrGKcljkbeRbXJWwxdYRS2hqfGjbL2zpsbUviuqxI7hF1IfQHVmqHULM1KGvk0dat3Z4K%2F5x4GZAUdti2W9k0L4Yp9O%2BoFmM%2FnXPjfT%2FcCFxNH44LbA%2FniWK7C%2FiiW2N8zCFFuiBxJe5wojxbvxDN3sqS212vluOmrQ%3D%3D%7Ctkp%3ABk9SR5bp4uPYZw&LH_ItemCondition=2000%2C3000,HYDRATED,1
227298214003,5800X,164,ebay,"AMD Ryzen 7 5800X Desktop Processor (4.7GHz, 8 Cores, Socket AM4) Tray -...Opens in a new window or tab","AMD Ryzen 7 5800X Desktop Processor (4.7GHz, 8 Cores, Socket AM4) Tray -...",115.0,0.0,115.0,USD,3000,1,0,0,,,,0,,[],1,0,,,,2026-06-14 13:05:55.499754,"""[]""",https://www.ebay.com/itm/227298214003?_skw=Ryzen+5800X&epid=25041983953&itmmeta=01KV33RPHPDA8XTTPMA2JN21XZ&hash=item34ec078073%3Ag%3A24oAAeSw%7EF1p3Ddp&itmprp=enc%3AAQALAAAA8GfYFPkwiKCW4ZNSs2u11xDCJYhUfS3SLl5VcCnT9halrPgq%2F9EmC8yMCP2K9bKm7We4FiLL6wztSF7f6JckAgl%2BvfvJowcTeWVXHfs6Yr0KWVZcu1otRYTGAYmRs%2FnQjNegjZ2SrybrfBz6p94Vlna%2B1O7VsTGYNQR0pOr7ylNoTnRrB3nuKWT7xnDBWT6U40jO3aROWT5UGtq5a04lf%2BVoni6KlzYHTyJNdOO8Gm3XUqqYdWpJPSGSw3F0N%2Bn8t%2Fqbw4MKLZbcdN0F8L6Z2CyJtKq5KIjl7Bme%2Bk%2F0%2FCeg0py0pRpEB0GAYXi0iKEr4A%3D%3D%7Ctkp%3ABk9SR5bp4uPYZw&LH_ItemCondition=2000%2C3000,PENDING,0
406897462708,5800X,164,ebay,hp IC CPU CPU RYZEN7-5800X 8C 3.8G 4 MB / 100-000000063 - M46323-A02Opens in a new window or tab,hp IC CPU CPU RYZEN7-5800X 8C 3.8G 4 MB / 100-000000063 - M46323-A02,125.0,0.0,125.0,USD,3000,1,0,0,,,,0,,[],1,0,,,,2026-06-14 13:05:55.500662,"""[]""",https://www.ebay.com/itm/406897462708?_skw=Ryzen+5800X&itmmeta=01KV33RTGH3H5KJ7G3WJE8RXGT&hash=item5ebcfa8db4%3Ag%3ACksAAeSwTU5p9NYp&itmprp=enc%3AAQALAAAA8GfYFPkwiKCW4ZNSs2u11xC2v5N9uBkhRh1HM2Ac0u%2B0nk3OZg%2B0RUpVlRzmc6NB8ISGu48P5Mayh7Vmfxybv0rB6BAMRKovTzTzDToCtEkORTo%2Fcvq3gXaUjlrdnVnJAZvQBbMa%2FK36IXh5IdJJe9mxDpQsnbmZjDQfwzx8jYGKA5%2F7Dub30T1jbiNlzSfUsOJIuUbsO%2F5GWzk6gOtyHzvfb9ypT6FU8Ixa978eBUw2GGN5XIu0bU5M0z1ayESr33g1Bc346C6UNBRA2XDvv4Npp8M5OP0sbmb9b9Jea6w2ioYAsGQMDUzNR9sWW3Fe5w%3D%3D%7Ctkp%3ABk9SR7Ko4-PYZw&LH_ItemCondition=2000%2C3000,HYDRATED,1
168313087427,5800X,164,ebay,hp IC CPU CPU RYZEN7-5800X 8C 3.8G 4 MB / 100-000000063 - M46323-A02Opens in a new window or tab,hp IC CPU CPU RYZEN7-5800X 8C 3.8G 4 MB / 100-000000063 - M46323-A02,125.0,0.0,125.0,USD,3000,1,0,0,,,,0,,[],1,0,,,,2026-06-14 13:05:55.501582,"""[]""",https://www.ebay.com/itm/168313087427?_skw=Ryzen+5800X&itmmeta=01KV33RTGH8TG5YJBTJ8425BX8&hash=item27303de5c3%3Ag%3AYDQAAeSwPXpp4U-J&itmprp=enc%3AAQALAAAA8GfYFPkwiKCW4ZNSs2u11xBjtHo3gJb84RNgpeho8WvoK9GY5ukqvTwu7Z%2FQUog%2BiBjymE7eC4L%2FrJXgIJBBZP%2FSIpfjt0lSNLGLTAMxPfsqwWM%2BfknO94O5Mnj5dhy%2BkIeh06gkgTCS70AnNw6lX%2FqnHnQ2R%2F5NIV%2F47PcGAJIa2vgK1Z2z8OiueQzrTFEQQGlbVeU%2FIvzIpD6M%2B9irveiadWLgy9BJC4njHLVQYGARpg3YJYozOFv%2B5vU3Zx23hZGdkUYCOcJyPLBc%2Fq6ZD%2FR%2FJAdEuk8erntwf3QfeqbeVDMoo91Id%2F5qbIUI%2Bv%2FOrg%3D%3D%7Ctkp%3ABk9SR7Ko4-PYZw&LH_ItemCondition=2000%2C3000,HYDRATED,1
188288713619,5800X,164,ebay,AMD Ryzen 7 5800X 3.8GHz 8-Core 16-Thread Socket AM4 CPU (Read Description)Opens in a new window or tab,AMD Ryzen 7 5800X 3.8GHz 8-Core 16-Thread Socket AM4 CPU (Read Description),124.99,0.0,124.99,USD,3000,1,0,0,,,,0,,[],1,0,,,,2026-06-14 13:05:55.502518,"""[]""",https://www.ebay.com/itm/188288713619?_skw=Ryzen+5800X&itmmeta=01KV33RTGH4AFNYYW9QZY1GFRR&hash=item2bd6e1c393%3Ag%3AtEwAAeSwf8Fp4qR0&itmprp=enc%3AAQALAAAA8GfYFPkwiKCW4ZNSs2u11xAmto0fXQuX3NbFKkkY7gogj8UWVZ7tM8mcUy0ime9uiBYLfBY1V%2FDUi%2FEJCQgflz7sEEeAbEpiqqBAysvJ8UEfaU6bbGv96KrOInjnjNuCzeRt68SWc%2B0DLuj2TVEZv8WEz4wYEqmJckiDAUqDfpetglGrAVOdCRtKBMA%2BLzXF4RoDRLh62XqylxS5jPH1VGiVGw%2Fh2wXYfUzH4npP4ChwiYDcIG%2BWKWImB4ecRL1YAL2rDXS8KLULCeYnf%2F6VHOnruhzyzOZWFdNUwmLDwJoDhrAcpmGyljaQ09cGvtZ9WQ%3D%3D%7Ctkp%3ABk9SR7Ko4-PYZw&LH_ItemCondition=2000%2C3000,HYDRATED,1
168295706655,5800X,164,ebay,hp IC CPU CPU RYZEN7-5800X 8C 3.8G 4 MB / 100-000000063 - M46323-A02Opens in a new window or tab,hp IC CPU CPU RYZEN7-5800X 8C 3.8G 4 MB / 100-000000063 - M46323-A02,125.0,0.0,125.0,USD,3000,1,0,0,,,,0,,[],1,0,,,,2026-06-14 13:05:55.503408,"""[]""",https://www.ebay.com/itm/168295706655?_skw=Ryzen+5800X&itmmeta=01KV33RTGJYBVEYN9RJNYG4845&hash=item272f34b01f%3Ag%3AaCoAAeSwAU9p1q4F&itmprp=enc%3AAQALAAAA0GfYFPkwiKCW4ZNSs2u11xDPFQFiagFSfzBnYrk78VVw%2FrJdIP%2FumYeI%2FO7xz6jSZtp2HlxCBlQhYufa2PMZzEdw4SZgPLYS6RPcwGOaJs3ifAcq1OrI5n5gXU7pEiDFEItJLZpWP4tm%2BgZywAITSAle0qg3s1UTIFz%2F6QT01GOHz5TVpfKC5QMmavVGZZmKvH%2FrmaHoZ77B2pnPCX9xKsSJpcYYUcRW5Ku%2FFi%2F0KOLevw6bnElVxH6XAhXyV%2FOMrtAkMZIj4fcXxmGUQu4TF5Q%3D%7Ctkp%3ABk9SR7Ko4-PYZw&LH_ItemCondition=2000%2C3000,HYDRATED,1
298203017389,5800X,164,ebay,"AMD Ryzen 7 5800X Processor (3.8GHz, 8 Cores, Socket AM4)  100-100000063WOFOpens in a new window or tab","AMD Ryzen 7 5800X Processor (3.8GHz, 8 Cores, Socket AM4) 100-100000063WOF",137.13,0.0,137.13,USD,3000,1,1,1,,,,0,,[],1,0,,,,2026-06-14 13:17:51.510372,"""[]""",https://www.ebay.com/itm/298203017389?_skw=Ryzen+5800X&epid=12041984358&itmmeta=01KV34FDHZF4DESAD1T49F8KY7&hash=item456e48f0ad%3Ag%3AWQcAAeSw3a5p1Unc&itmprp=enc%3AAQALAAAA0GfYFPkwiKCW4ZNSs2u11xBJ9jywK0CUpb5J8JQrw7GAoNFrCdOPGcpkeGApmgbdhsgDo0EvBbhzU%2BJeqWybplxqPVToHiyVa2juTZmkwQxSo4XeAKwkI%2FAb5rG1J7JtNL6s2EkNpIBMibJ7g0bJEjK3QIpkbBak2KwRcbwHpR2K079atU4HgB7Ay478EtFdOeX9gXcv2QDI7HnPgJIivGxPLo6kS8UicLUh7ybdPUthWteEyUxCV7xfK947AWTsTYtcgioleRVY23FwPjF%2B5H4%3D%7Ctkp%3ABk9SR4bZveTYZw&LH_ItemCondition=7000,HYDRATED,1
298198535936,5800X,164,ebay,"AMD Ryzen 7 5800X Desktop Processor (4.7GHz boost, 8 cores, socket AM4)Opens in a new window or tab","AMD Ryzen 7 5800X Desktop Processor (4.7GHz boost, 8 cores, socket AM4)",136.84,0.0,136.84,USD,3000,1,0,0,,,,0,,[],1,0,,,,2026-06-14 13:17:51.511602,"""[]""",https://www.ebay.com/itm/298198535936?_skw=Ryzen+5800X&epid=3042001025&itmmeta=01KV34FDHZ0656QKFSR1NJ61WP&hash=item456e048f00%3Ag%3A7n0AAeSww7Fp03Pp&itmprp=enc%3AAQALAAAA8GfYFPkwiKCW4ZNSs2u11xBUfP6nw62XjIEXvtDuUGRS3pOTY4FCaoI111N1RcSWbejXeR5Dj2HWdI3koYYvN5ya9B7HxJ%2B5I%2FMoESixLYu0XGR8bsAuIXnRvkXfyEStuSRoOryKfrIsvUREqiGxyJ2%2BBoC1aIJA0qbu12n0%2FQRWb0hChnLD9WReLmTwpkgszTUvIBrDW1e0Z6ppkRtnVGep0Gb7cs46IQRr83D%2Fmrz8s%2B3DOzipC4QfqugoP4RwPoWMcSjfeLIxxqXeNTGDuo9%2FyJV104yhOShFlHLNWAe%2FXXtof%2Ff0Zst1qnKbtxY94g%3D%3D%7Ctkp%3ABk9SR4bZveTYZw&LH_ItemCondition=7000,PENDING,0
176409766631,5800X,164,ebay,AMD RYZEN 9 5950X 5900X 3950X 3900XT R7 5800X 5700X 3800XT 3700X Socket AM4 CPUOpens in a new window or tab,AMD RYZEN 9 5950X 5900X 3950X 3900XT R7 5800X 5700X 3800XT 3700X Socket AM4 CPU,99.9,0.0,99.9,USD,3000,1,1,0,,,,0,,[],1,0,,,,2026-06-14 13:17:51.512666,"""[]""",https://www.ebay.com/itm/176409766631?_skw=Ryzen+5800X&itmmeta=01KV34FJ2NFTEESD50ADZPPNDY&hash=item2912d76ae7%3Ag%3A7coAAOSwN7ZmX%7ECS&itmprp=enc%3AAQALAAAA8GfYFPkwiKCW4ZNSs2u11xDVUddBF1Xuibj5uT%2B76L1jFdl59ZafXHQ%2BbBkachMi%2FZZ2nVl0D2toCIduJXEvM%2Fx0EVv0fvE9pBTH6H890tRyDyb7eeX8mvvRbYbIB5Sq8veanVU9e%2F8efvklbSHMEiXMDb0x3ULvRnkYWO0yQBKs1o9L32hqQli5XyH2NvYXL%2FhxhfytO0fWHx6IlEKAS4DkB1wlop%2FjsTcoL7SGzca8Z0FbfALpJzVP2v27Bte4g1RghSR0KBQuQyhp2zODSsVh01bu5SOzB%2BstBlT6O2R%2B2dBG8tnR7H07jlqZMrH9nw%3D%3D%7Ctkp%3ABk9SR8qhvuTYZw&LH_ItemCondition=2000%2C3000,HYDRATED,1
336620724088,5800X,164,ebay,AMD Ryzen 7 5800X 8-Core 3.8GHz Desktop CPU Processor Socket AM4Opens in a new window or tab,AMD Ryzen 7 5800X 8-Core 3.8GHz Desktop CPU Processor Socket AM4,133.5,0.0,133.5,USD,3000,1,1,0,,,,0,,[],1,0,,,,2026-06-14 13:28:45.351940,"""[]""",https://www.ebay.com/itm/336620724088?_skw=Ryzen+5800X&epid=25041983953&itmmeta=01KV351RSXAFJ3GTHTWPYJ7E7Q&hash=item4e60289f78%3Ag%3AoKwAAeSw0rNqFORQ&itmprp=enc%3AAQALAAAA0GfYFPkwiKCW4ZNSs2u11xAcdKZVVB1WQWrHN8wE68yqbPh2RApccZaoaRiiYgYvXoftCBCwcaNe3fdb%2FmGUHKNdnVTZTz%2B2Aj7K%2FNBSkROYPFtHcaOhCuwaKmHnp5xH8Qfj9BBW2OevndfRQc5Ul4EVIvGgj08N07E%2Bp1D%2FZzrOGmNe%2F4Xi8rwlNP%2FE8o8TQUwfu%2BX0ZymsK96ChiTDLiO3zN7AJz75SEcOlbxNRqK5m6DAQF1oV0WKyxLkQYlwBpqJEO04KqAyGLnRQLv1ppA%3D%7Ctkp%3ABk9SR5SNh-XYZw&LH_ItemCondition=2000%2C3000,HYDRATED,1
186380359127,5800X,164,ebay,AMD RYZEN 9 5900X R7 5800X 5700X 5700GE R5 5600X  5600GE Pro 5650GE 4650G AM4Opens in a new window or tab,AMD RYZEN 9 5900X R7 5800X 5700X 5700GE R5 5600X 5600GE Pro 5650GE 4650G AM4,109.8,0.0,109.8,USD,3000,1,1,0,,,,0,,[],1,0,,,,2026-06-14 13:28:45.353120,"""[]""",https://www.ebay.com/itm/186380359127?_skw=Ryzen+5800X&itmmeta=01KV351RSY864P0FFZXPVHRSS0&hash=item2b652295d7%3Ag%3Ak-IAAOSwNF5mElVW&itmprp=enc%3AAQALAAAA8GfYFPkwiKCW4ZNSs2u11xBoeAYXSyrPvtSMhRC5Aop0pxdG7Uu0cE12j6izZEaBMmUDccToVSaHzDCazZiSKv9SNJY2zRezBrvfdEFM4ZUWH1EIwwNK7FhrOKLytS81U1%2BOOnVaVODA4V%2Ba074DZduNoqxhsLwGGhT0HXEpBGb3i1vEFCweJnfl%2FDp%2B1Fg7tazy3AglEtKCon7jNAIRj9k7HLrM4R0f3clhbEbR%2BuhPqn4ez5fqE9N5qPgYV2hz1vqvBaZT8%2F4pfKKqNikVj%2F6DCJSg2nSbjLw6dXnEr9mRCyzCIi9NZyYoAXea1mNd9w%3D%3D%7Ctkp%3ABk9SR5SNh-XYZw&LH_ItemCondition=2000%2C3000,HYDRATED,1
127909151340,5800X,164,ebay,"AMD Ryzen 7 5800X Desktop Processor (4.7GHz, 8 Cores, Socket AM4) Tray -...Opens in a new window or tab","AMD Ryzen 7 5800X Desktop Processor (4.7GHz, 8 Cores, Socket AM4) Tray -...",130.0,0.0,130.0,USD,3000,1,0,0,,,,0,,[],1,0,,,,2026-06-14 13:28:45.354024,"""[]""",https://www.ebay.com/itm/127909151340?_skw=Ryzen+5800X&epid=12041984358&itmmeta=01KV351RSY64JNG3X3D6BKABTF&hash=item1dc7fac26c%3Ag%3A7rYAAeSwYclqJeCF&itmprp=enc%3AAQALAAAA0GfYFPkwiKCW4ZNSs2u11xAYJM62UdGBkWR3p2QU%2FlOyMrP9Y4hciPl%2B34RYvr48IexcE5Zr%2F3NUvW5SjO0646q3fj571pjKiXc20hKD4fnBMMzWkTLg8MT4glkAgW8fHMI0d7h4CUcuUr%2F9nLk4C63C64Il74KH4fq0UpnbsmGCOwB5liyzlmeIaqfKEndEttftCbyiUUU3BZbrSjNgK8mKOpkvznhfoBwGq8so5b7mbwzXkTFroc0FBjkSwshCUCaqxby3VBkCKgnxzPZuFaw%3D%7Ctkp%3ABk9SR5aNh-XYZw&LH_ItemCondition=2000%2C3000,HYDRATED,1
117111722534,5800X,164,ebay,"AMD Ryzen 7 5800X 8-core, 16-Thread Unlocked Desktop ProcessorOpens in a new window or tab","AMD Ryzen 7 5800X 8-core, 16-Thread Unlocked Desktop Processor",133.99,0.0,133.99,USD,3000,1,0,0,,,,0,,[],1,0,,,,2026-06-14 13:28:45.354944,"""[]""",https://www.ebay.com/itm/117111722534?_skw=Ryzen+5800X&itmmeta=01KV351RSYDEXQE61AV21CZXCW&hash=item1b44671226%3Ag%3Abu4AAeSwQixqLHW6&itmprp=enc%3AAQALAAAA8GfYFPkwiKCW4ZNSs2u11xCkkD4OVtxr0y6EUBP78LEKKth6DukeKRQwNTtRTPOQimVjLa2G0DxNSUWNDgWEK%2BkGwYOy8Zmxy%2FN2kwjJXKAxQs9YqA7z8OVvWPHf8B%2BHh6qGJLEPnKQ74HRrsev6jg1nN9JhWe%2FJJwiK4dHNP97HoG80OuHvrTs1nb8QG2RUI1v5QX64HPDDHGlemfHNbxhYZDM2202gO7An1OGoC8UvA%2B8XF6UMlDqdcxcegByW9tQWbTzI0LjDyd2hpjTZPysNIcYtyGjEzxG43I1eSiUX%2Fl3SfkerpjCLpqWtXpe6Hg%3D%3D%7Ctkp%3ABk9SR5aNh-XYZw&LH_ItemCondition=2000%2C3000,HYDRATED,1
176433572907,5800X,164,ebay,AMD R7 RYZEN 7 5800X 5700X  R5 5600X 5600G 5600 Processor AM4 B2 SteppingOpens in a new window or tab,AMD R7 RYZEN 7 5800X 5700X R5 5600X 5600G 5600 Processor AM4 B2 Stepping,135.0,0.0,135.0,USD,3000,1,0,0,,,,0,,[],1,0,,,,2026-06-14 13:28:45.355816,"""[]""",https://www.ebay.com/itm/176433572907?_skw=Ryzen+5800X&itmmeta=01KV351RSYZFVT9RWA5J6B4XTE&hash=item291442ac2b%3Ag%3AMI0AAOSwi0dmcvLn&itmprp=enc%3AAQALAAAA8GfYFPkwiKCW4ZNSs2u11xDvZi0XxRN2WGY%2FsvnfoZJM9cd4XLrGu7c77nRDnZLtFpZ1UWmH6Gpno0gv%2BcMxarCG3OEsM29jz9t%2FTrZimcHBjoSbww1I%2FY3uBJazX34B8tU59FqRUagZrvDeznCCgfEVvisQowygVnlW4ZaN6yyGlb88AQbqNYjcl6q%2BCKAJXHzAtsJucCLoeA9OaxjgyrWtWBG%2BZz4vtcF4MMnjE0Jql1YKm9dFBrkFj8wRqNn3LzcR9CyGFe95dJ8tMLdjXSHr0ETYPmg83DKJ%2FEOr5ugYPro96VvVMvOmuzx7MiVTrQ%3D%3D%7Ctkp%3ABk9SR5aNh-XYZw&LH_ItemCondition=2000%2C3000,HYDRATED,1
397989716239,5800X,164,ebay,AMD Ryzen 7 5800X AM4 Socket Processor CPU (Read Description)Opens in a new window or tab,AMD Ryzen 7 5800X AM4 Socket Processor CPU (Read Description),131.5,0.0,131.5,USD,3000,1,1,1,,,,0,,[],1,0,,,,2026-06-14 13:28:45.356702,"""[]""",https://www.ebay.com/itm/397989716239?_skw=Ryzen+5800X&epid=12041984358&itmmeta=01KV351RSY283N934SJ7A43A0X&hash=item5caa09210f%3Ag%3AZ58AAeSwrWdqFOSO&itmprp=enc%3AAQALAAAA0GfYFPkwiKCW4ZNSs2u11xA3BW5xrFZTGvclzOBrpXrd%2B%2B0b7V80SL9JMS%2BC%2FRJlBkMM49rJI4e8zabLGWOxxMXGdu8rW0u8jq9IvHz8z9FHi6wpOqiDiWh242nE0Hgj3xmqEKHCaPXOfDrxiE5xVH95KISY2kEH%2B60NzGICMx5NiHjTvNUWxFPB3srdlm%2Bfbg7OfIztv10icOytHZKXY7UnommPgufEI4gVwKkquu3NmOoVv%2Bp%2FIQZ4Xj%2BCkqCCNIV3R0stc43EocuHx3Mfi7k%3D%7Ctkp%3ABk9SR5aNh-XYZw&LH_ItemCondition=2000%2C3000,HYDRATED,1
377200862580,5800X,164,ebay,"AMD Ryzen 7 5800X Processor (4.7GHz, 8 Cores, Socket AM4) READ DESCRIPTION! Opens in a new window or tab","AMD Ryzen 7 5800X Processor (4.7GHz, 8 Cores, Socket AM4) READ DESCRIPTION!",135.0,0.0,135.0,USD,3000,1,1,1,,,,0,,[],1,0,,,,2026-06-14 13:28:45.357587,"""[]""",https://www.ebay.com/itm/377200862580?_skw=Ryzen+5800X&epid=12041984358&itmmeta=01KV351RSY1GSJM6BK9P972FZG&hash=item57d2ec6574%3Ag%3AdQAAAeSw6YZqAt2p&itmprp=enc%3AAQALAAAA8GfYFPkwiKCW4ZNSs2u11xAN6uP7nurYtBpdF0PVtcR3evkOlu4C8DwzZ5RAIlZlQrkTuzTBKFHZAi1jAYiEVQF32AvHDTptcDy%2FnZBIDdU7SJeHmWmcl0D1zrFf0ljuq7jjLZ4b5U3P5ijXpgV8K889TtHLlZmdoEZOOYTipdH%2Bit1RP1e1SshDgfh4y2uWHLhBWfobBweim1qxkdiaQmgqs9cflYTwrco2%2BrxLblhVf5zGJq1CemNjU1aVoK4FQUN4na93PhHA%2FtEROccIgnFUTw2MO6nLA29%2BzwO2MdNrsqXlWv%2BeJyYTGvp1UerqzA%3D%3D%7Ctkp%3ABk9SR5aNh-XYZw&LH_ItemCondition=2000%2C3000,HYDRATED,1
206239616707,5800X,164,ebay,AMD Ryzen 7 5800X 8-Core 3.8GHz Socket AM4 CPU 32MB L3 Cache 4MB L2 CacheOpens in a new window or tab,AMD Ryzen 7 5800X 8-Core 3.8GHz Socket AM4 CPU 32MB L3 Cache 4MB L2 Cache,130.0,0.0,130.0,USD,3000,1,0,0,,,,0,,[],1,0,,,,2026-06-14 13:28:45.358454,"""[]""",https://www.ebay.com/itm/206239616707?_skw=Ryzen+5800X&itmmeta=01KV351RSYCWG9ECXZ8D642C3H&hash=item3004d6cec3%3Ag%3AouQAAeSwCbZp8b3o&itmprp=enc%3AAQALAAAA0GfYFPkwiKCW4ZNSs2u11xCkgsSfwxKrNrtHtbhrkOyBuiOzjkZgUjfo1Vx7IrXk%2FXLBZWPm0xYkIz%2B0KeHoeKdAASsKy%2FIkhiKGh5%2FE0RcWuvyCIKivlxwKhBLEE8NGgEkDDGFwufd8f%2B66IxnqFaG%2FY4IMnIGlsEV2YFR087odT28FzzivbfRYCDYQJBh5sT8dF3QRnT5NSz5chDIygZJoAjilZm%2FEZ6miaWvgCrm70nBmcgYsq%2F25NjP0h4L86btyapW2svJ7V%2Fru57tR%2FBw%3D%7Ctkp%3ABk9SR5aNh-XYZw&LH_ItemCondition=2000%2C3000,HYDRATED,1
127142171450,5800X,164,ebay,AMD RYZEN 9 5900X R7 5800X 5700X 5700GE R5 5600X 5600GE Pro 5650GE 4650G AM4 CPUOpens in a new window or tab,AMD RYZEN 9 5900X R7 5800X 5700X 5700GE R5 5600X 5600GE Pro 5650GE 4650G AM4 CPU,102.85,0.0,102.85,USD,3000,1,1,1,,,,0,,[],1,0,,,,2026-06-14 13:28:45.359314,"""[]""",https://www.ebay.com/itm/127142171450?_skw=Ryzen+5800X&itmmeta=01KV351RSYWF49MTNTMM28JZDZ&hash=item1d9a43933a%3Ag%3A918AAOSwAqxmOjOE&itmprp=enc%3AAQALAAAA0GfYFPkwiKCW4ZNSs2u11xBvHnGgOQn3gFsJjMnZmowjChcRvauvf6EKNtdQ1IX7AUbuuur8FUJDVILPCICqbit60cSuzdbBguJJEG7jdxLSMlMMfhc%2BvpGZRN9tEQEIuM0YPQLOlpyga5XICwUz4XH1uR2WkElvI570Nj0BFlAmHUIU9Qy0FZELmza8BNrYeeJdWJoQBEyLkOLXYSCMQ441Tpxg1yxpGTg0QSfaaVKxAcHA%2BjE8wZf47J3DlgJpjSSIC5Y61RIzyKoNCzI4P6Q%3D%7Ctkp%3ABk9SR5aNh-XYZw&LH_ItemCondition=2000%2C3000,HYDRATED,1
389847321278,5800X,164,ebay,AMD Ryzen 7 5800X CPU Desktop Processor Socket AM4Opens in a new window or tab,AMD Ryzen 7 5800X CPU Desktop Processor Socket AM4,130.0,0.0,130.0,USD,3000,1,1,0,,,,0,,[],1,0,,,,2026-06-14 13:28:45.360173,"""[]""",https://www.ebay.com/itm/389847321278?_skw=Ryzen+5800X&epid=25041983953&itmmeta=01KV351RSYPFJ5SR5TNWBZW1ZM&hash=item5ac4b60abe%3Ag%3AGoAAAeSwgXdp0cSH&itmprp=enc%3AAQALAAAA8GfYFPkwiKCW4ZNSs2u11xDUjdegu9Y0oJDm7I8DQz7KscUI2SLOX1oYTS55FOWGdyj71xqRE5yFLI8ntTQIHfeHgbUeCwySSk2zvAIY6WiBE%2BgulrrvxnI8h%2BaOLPu%2BWs5DADrm6r5zc9Ve5vL4wloxPfiMAA5uIeB3MZ9hBHWfHZWf6l%2BsrD3iuDGL%2B5dxk3Uay5ZIyEaYLWDHCOyKphnSGltSf%2BvzNOXGdVrnOcV3XnppcOcdtpEaJqtBIcInYFHUqX%2FKEinumKjFta8eIi5o7NtxLKKNdmtJYo%2Fa7ZsUbt85ZIkGHKyu%2FT5xZUyJKg%3D%3D%7Ctkp%3ABk9SR5aNh-XYZw&LH_ItemCondition=2000%2C3000,HYDRATED,1
117098822488,5800X,164,ebay,"AMD Ryzen 7 5800X 8-core, 16-Thread Unlocked Desktop ProcessorOpens in a new window or tab","AMD Ryzen 7 5800X 8-core, 16-Thread Unlocked Desktop Processor",133.99,0.0,133.99,USD,3000,1,0,0,,,,0,,[],1,0,,,,2026-06-14 13:28:45.361074,"""[]""",https://www.ebay.com/itm/117098822488?_skw=Ryzen+5800X&itmmeta=01KV351RSYSJHXPZYQKAAHQKZ1&hash=item1b43a23b58%3Ag%3ARmsAAeSwOp1pvbJt&itmprp=enc%3AAQALAAAA0GfYFPkwiKCW4ZNSs2u11xBX3%2FKAmY7la5eKRAws%2Ff7%2BZgEmrv0gh6KqJbPTMfYPvSjFr9aFOuXA2DH5uRsMh%2BtyqmfgY3frVKmB3F%2B1Ne%2F9v9F%2FEzlBRweUo8xDAK%2FSDQhkx2esquJyPk%2BrSJMJhIZsRxTYlN4U%2BmLB%2FmU2Zb4bdBQDvgZTqHEIkpjuynYVMzz94zKgpFPeCk5vUt%2Bjl%2FeHShrx4F7Qb6ggvWNr1BI8l7vDtd3rvzNolBvIg2udzjENpFUbX8RH2mCKiqT3vmI%3D%7Ctkp%3ABk9SR5iNh-XYZw&LH_ItemCondition=2000%2C3000,HYDRATED,1
267693148732,5800X,164,ebay,AMD - Ryzen 7 5800X 8 Core - 16-Thread 3.8 GHz (4.7 GHz Max Boost) Socket AMOpens in a new window or tab,AMD - Ryzen 7 5800X 8 Core - 16-Thread 3.8 GHz (4.7 GHz Max Boost) Socket AM,140.0,0.0,140.0,USD,3000,1,0,0,,,,0,,[],1,0,,,,2026-06-14 13:39:20.739199,"""[]""",https://www.ebay.com/itm/267693148732?_skw=Ryzen+5800X&epid=8070226755&itmmeta=01KV35NBHVEHW4MV7Z27BNGBC7&hash=item3e53c14a3c%3Ag%3AoakAAeSwZXFqJowa&itmprp=enc%3AAQALAAAA8GfYFPkwiKCW4ZNSs2u11xD%2BhjQ%2FCldNYETCXmuCKXSettdZ1aPfS%2FiQLDvqCMfY1WJJ4sPysPC%2BwugbVpCNCrIfUTxDTLkNp4XY4Ozd4WBi6dRs7awverUvxTilg%2FQBYjCW%2FGEiKM9h6639IuU06Psyb6tyiyFn%2BxXlK1hAAt2MJmgnajIheWO4bdTG9fMgvYYBb52B8jFIl8ATU8EBIrRIAJiGewYWeyjnKPvr9vgLc627%2BedR%2Bxf1DGXN156hkbdDtD8NJK1oYo%2FsLTwiDMiUi9RakUN0So0ydFZEDjJ4OxnkpGTZMR%2Bbb5CQIGYzOQ%3D%3D%7Ctkp%3ABk9SR4651eXYZw&LH_ItemCondition=2000%2C3000,HYDRATED,1
188431160428,5800X,164,ebay,READ AS IS AMD Ryzen 7 5800X 8-Core 3.8GHz Socket AM4 CPU 5700 5600Opens in a new window or tab,READ AS IS AMD Ryzen 7 5800X 8-Core 3.8GHz Socket AM4 CPU 5700 5600,139.95,0.0,139.95,USD,3000,1,1,0,,,,0,,[],1,0,,,,2026-06-14 13:39:20.749656,"""[]""",https://www.ebay.com/itm/188431160428?_skw=Ryzen+5800X&epid=25041983953&itmmeta=01KV35NBHVCHARAZ9MY7DYE71R&hash=item2bdf5f546c%3Ag%3Apl8AAeSwK4lqASOH&itmprp=enc%3AAQALAAAA8GfYFPkwiKCW4ZNSs2u11xD2rDxJ5oxM%2Bmt9WMj1P9n1K0Esxg5VODOFkNy9q%2FqoKMdiCVlp3cr0tU0HoQfaKsqZ9H3NOCQcp0mw8K5dvZRgSvZEoN02GqTzB13Skc0wACZFidKvZluPdJT3hfiwZAONV9LgxvrZAVOj%2BfMt3t7V8iPmoXvByS24Aa4hQRzFZrcbHIUq4dvd68C3fd7KfHaHYdbFYecSFeF7Od8y4odbSuyCVRIYpRTsWi6gqleObuCouE%2BUaJn%2FGPUkBCVLSOXHAM%2Bv45Ywe5EeSPa0QXEVJyD7MA9Bghrvq15EFhQ8TQ%3D%3D%7Ctkp%3ABk9SR4651eXYZw&LH_ItemCondition=2000%2C3000,HYDRATED,1
188428936947,5800X,164,ebay,"*NO BOX* Amd Ryzen 7 5800x 8-core, 16-thread Unlocked Desktop ProcessorOpens in a new window or tab","*NO BOX* Amd Ryzen 7 5800x 8-core, 16-thread Unlocked Desktop Processor",140.0,0.0,140.0,USD,3000,1,0,0,,,,0,,[],1,0,,,,2026-06-14 13:39:20.750753,"""[]""",https://www.ebay.com/itm/188428936947?_skw=Ryzen+5800X&epid=12041984358&itmmeta=01KV35NBHVTEHRXWPEKC44DZY4&hash=item2bdf3d66f3%3Ag%3Ap2gAAeSwf8FqFkah&itmprp=enc%3AAQALAAAA8GfYFPkwiKCW4ZNSs2u11xAytUbLdUozy1MjNKijNAf3Bxg9XLPNscg5tFMiwG2u%2FDdYpIpCAoWSBfN%2FtQJ78%2F0f1dP6gCYeL9svN%2B46ZPxJkBR6sCjximQ2ID%2FtzqXe9UY1J8Bn6NxLo9hacXFcsIgz6pisCiRrYfccn7AAUIg9qyneZ9W1nh8zJai%2FZrBaPrVZHkPx7patr2csGLWaQKgZHfJvZ%2B7Q%2FsRz5jveGkgGm%2FSLtPOlYlyrT6dIL1tPrGXKWmovZsOr%2FdUOKi%2FjTBYoXetii7kJGd8ptogepiF25yYrSpg22m0zTFJNa%2Flr6g%3D%3D%7Ctkp%3ABk9SR5C51eXYZw&LH_ItemCondition=2000%2C3000,HYDRATED,1
406909399520,5800X,164,ebay,hp IC CPU CPU RYZEN7-5800X 8C 3.8G 4 MB / 100-000000063 - M46323-A02Opens in a new window or tab,hp IC CPU CPU RYZEN7-5800X 8C 3.8G 4 MB / 100-000000063 - M46323-A02,140.0,0.0,140.0,USD,3000,1,0,0,,,,0,,[],1,0,,,,2026-06-14 13:39:20.751879,"""[]""",https://www.ebay.com/itm/406909399520?_skw=Ryzen+5800X&itmmeta=01KV35NBHVS5BXNS7ABRHZNJ17&hash=item5ebdb0b1e0%3Ag%3AoG0AAeSwmT1p5%7EK0&itmprp=enc%3AAQALAAAA8GfYFPkwiKCW4ZNSs2u11xCF46zJpVrNO3%2FKUoZ1yXJS0rGO%2BNTMYu4EDdqqjW2DB%2FT4e16mECAfPbS05cdZFQKXCGk2cPwxtaoVeTPAQM2sSgN3QfKyLweXx%2BXJNQfJKTPAjL5PvOrPOCstNLKZyPRh%2Bi6hSFj9RWUZAIfBUSrcEs%2FNUfhsJRaglAvtOZBR2%2BgL0FgPxLO4oF2Si3NDIf1O9Bm9Doc1H%2FjVksqgf0%2FlknNkTAI3T6WrjaYCxKyj1au3B1m7Bn45jpMQxOu4M6xq%2BsUNHUwWze3TYpTiluDmq1nBsDh%2FRBnYc3OF8B0dXg%3D%3D%7Ctkp%3ABk9SR5C51eXYZw&LH_ItemCondition=2000%2C3000,HYDRATED,1
287316029979,5800X,164,ebay,AMD Ryzen 7 5800X 3.80GHz 8 Core 100-000000063 16 Thread AM4 READOpens in a new window or tab,AMD Ryzen 7 5800X 3.80GHz 8 Core 100-000000063 16 Thread AM4 READ,139.99,0.0,139.99,USD,3000,1,1,0,,,,0,,[],1,0,,,,2026-06-14 13:39:20.752917,"""[]""",https://www.ebay.com/itm/287316029979?_skw=Ryzen+5800X&epid=25041983953&itmmeta=01KV35NBHV9WT8JACT6JE0PC89&hash=item42e55eb21b%3Ag%3AGhIAAeSweUpp-5UK&itmprp=enc%3AAQALAAAA0GfYFPkwiKCW4ZNSs2u11xBjsW0kiqG%2FTZYo%2FJ3mFP0WCNO09WH795kHi7d6PHI6kSMyTdoMlXQ6Yq1Sy9L0f1VzQUhNzXh7DG4k0dx7I6o5NsadWEQ%2F2OZWILExFpQOkx3vqOHZqFNT6iv5UkEbvHvNs7x6k2%2BtBvtwVmeIObIuCmKHT2hVV8wdR%2FooPvTwYdpZw4Qx3bcv1Es7XY%2FbId9LC3wH2a80Wfbt3FMVRnRcyebOLCjy4Xu9OdcewYV2MBYBiQGeqzpLCKuenhIDUGo%3D%7Ctkp%3ABk9SR5C51eXYZw&LH_ItemCondition=2000%2C3000,HYDRATED,1
389918768081,5800X,164,ebay,"AMD Ryzen 7 5800X Desktop Processor (4.7GHz, 8 Cores, Socket AM4) Tray -...Opens in a new window or tab","AMD Ryzen 7 5800X Desktop Processor (4.7GHz, 8 Cores, Socket AM4) Tray -...",137.5,0.0,137.5,USD,3000,1,1,0,,,,0,,[],1,0,,,,2026-06-14 13:39:20.753929,"""[]""",https://www.ebay.com/itm/389918768081?_skw=Ryzen+5800X&epid=25041983953&itmmeta=01KV35NBHVT00QHMWXPPMGHY95&hash=item5ac8f83bd1%3Ag%3AVxcAAeSwEv1pxv6B&itmprp=enc%3AAQALAAAA8GfYFPkwiKCW4ZNSs2u11xDwu0ybSyHuJRq3D3aw%2BUzNItQCv0QmD6EL9vC2hwkOvG4zLvRQnNsMwo0V%2FAATvzrJeauOTzpVUUr0rd2Iv26J5K20baV4%2BpW6gHc7FWNnuTVUPE7s5SkrD93qpsa8C1SeZ%2B7GGPFAjIB1xDVHFxRRg%2Fsrz%2FryR3Nofn2pnW9eG3wKCtDuUhr2H545ykhIm7bKexU8g9M9rZVMwjQCL%2BFv5of3Y0BxNM48QYgJ6ZQurKBqnDYbF2kUV5QMUC7lmWviJdyoJOzB0ZKd3cV6GX%2Bp01OqE3evZsgPhj9sAtCdmA%3D%3D%7Ctkp%3ABk9SR5C51eXYZw&LH_ItemCondition=2000%2C3000,HYDRATED,1
358480016758,5800X,164,ebay,"AMD Ryzen 7 5800X Desktop Processor (4.7GHz, 8 Cores, Socket AM4)Opens in a new window or tab","AMD Ryzen 7 5800X Desktop Processor (4.7GHz, 8 Cores, Socket AM4)",140.0,0.0,140.0,USD,3000,1,1,0,,,,0,,[],1,0,,,,2026-06-14 13:39:20.754858,"""[]""",https://www.ebay.com/itm/358480016758?_skw=Ryzen+5800X&epid=25041983953&itmmeta=01KV35NBHV8NQXFB0T08YGV92D&hash=item537712f576%3Ag%3Ah60AAeSwH-dp6qIX&itmprp=enc%3AAQALAAAA8GfYFPkwiKCW4ZNSs2u11xDwZfF9CFRXpYmScI4eQVuaw4g6fUY394o7FLH%2BNT3cLEq5Tfowb%2BrPjYsJ3%2Bgh9VgD19bx4u7Sa8GFh%2BE7OrWkQmA5LE0Topp9trMCCoePf9LsveWVZ8UEFlJv2uYvzUwBKF8gXeepiAwkSUqL605tlYgAM0OGnwAksQwUY95QBLx70Ui3OOPhmQ2dpYJU9LlGRuarMDD5OyfqAS8vQ1qIQk3XOguSXUi%2F33bCwe04Rd3YwkIJPXr03Poe9DiQjmrUhCEwxKYwJ%2FnbKO%2BWojiTiDKwuiN768gSgAElEpMMnw%3D%3D%7Ctkp%3ABk9SR5C51eXYZw&LH_ItemCondition=2000%2C3000,HYDRATED,1
318184712875,5800X,164,ebay,"AMD Ryzen 7 5800x AM4 8-Core, 16- Thread Desktop Processor [USED]Opens in a new window or tab","AMD Ryzen 7 5800x AM4 8-Core, 16- Thread Desktop Processor [USED]",140.0,0.0,140.0,USD,3000,1,1,0,,,,0,,[],1,0,,,,2026-06-14 13:39:20.755766,"""[]""",https://www.ebay.com/itm/318184712875?_skw=Ryzen+5800X&epid=12053812543&itmmeta=01KV35NBHWC30GMK212TE9EE70&hash=item4a15496aab%3Ag%3AT8AAAeSwQzRp6Bj4&itmprp=enc%3AAQALAAAA0GfYFPkwiKCW4ZNSs2u11xDbpKnANZXtS8sB%2BRuOApcUoFSbOBlh215rZaZiYWkI10umIYiFk8JSvPFiyBLRx8QQ5zLMcvc7I1sZt4FHpBsI3KHC%2FT%2FJjZ75WSUidQ6LPUQhJXbrHmiX3x99k8ZoquNR5FORYcwiFAJu1bcaO3LWyMLrSYSoFlRweti43RaB9eK3wt%2B1pYQQ7UG%2FGZw8P5xLlbRUbxYvWQfj0%2Ft9nXiF1pAa1n0FWqtWgFx0drigforREnQS0dBF2eWKDs53DKY%3D%7Ctkp%3ABk9SR5C51eXYZw&LH_ItemCondition=2000%2C3000,HYDRATED,1
366316506449,5800X,164,ebay,"AMD Ryzen 7 5800X Processor (4.7GHz, 8 Cores, Socket AM4) Box - 100-100000063WOFOpens in a new window or tab","AMD Ryzen 7 5800X Processor (4.7GHz, 8 Cores, Socket AM4) Box - 100-100000063WOF",140.0,0.0,140.0,USD,3000,1,1,1,,,,0,,[],1,0,,,,2026-06-14 13:39:20.756821,"""[]""",https://www.ebay.com/itm/366316506449?_skw=Ryzen+5800X&epid=12041984358&itmmeta=01KV35NBHWTB6KWKHT7J9459S6&hash=item554a2a4d51%3Ag%3AUhkAAeSwjSppyxgU&itmprp=enc%3AAQALAAAA0GfYFPkwiKCW4ZNSs2u11xDK0M6qtqLWJmZl0JRnptjUD0lURNO4eyU%2BGisaRKrsPdYUnE9H7T8MqI74VnDNuXyKwY90OPHAweB4oLCjXeyCP90fQd7pDmy6NwD7ShCyt4Z%2B5rcNUlhbUlwAVcxy2KmppeLZiL%2F1rB3uzYzZw6YHOJzzgtGIzpqIvMZBVkLRay%2F7ixng%2FSBrJAT9QLi1kmC6M2zgRVpirh9KmIFN%2FWHoMu2F0hhUErL4xqyuh%2FW7Dz3hIid3JAmPTRbaUgKOSMY%3D%7Ctkp%3ABk9SR5C51eXYZw&LH_ItemCondition=2000%2C3000,HYDRATED,1
366316190633,5800X,164,ebay,"AMD Ryzen 7 5800X Processor (4.7GHz, 8 Cores, Socket AM4) Box - 100-100000063WOFOpens in a new window or tab","AMD Ryzen 7 5800X Processor (4.7GHz, 8 Cores, Socket AM4) Box - 100-100000063WOF",140.0,0.0,140.0,USD,3000,1,1,1,,,,0,,[],1,0,,,,2026-06-14 13:39:20.757789,"""[]""",https://www.ebay.com/itm/366316190633?_skw=Ryzen+5800X&epid=12041984358&itmmeta=01KV35NBHWX1GVFS1C03F4J2N9&hash=item554a257ba9%3Ag%3AUhkAAeSwjSppyxgU&itmprp=enc%3AAQALAAAA0GfYFPkwiKCW4ZNSs2u11xD2KmmDOdXmjiYXSOfaU9Xz5JyKPwpe8Hzclr8gf8qI8x8V7qXlB84P4sUTWhIjlOyORMQFtOvBCI8ZN%2BwzfsSFU8DmiXTd%2FRjoC3fi%2F0fXYn%2F1mpu%2Fh%2BaLhVAyZchFuY8GK2%2FvS%2FFwmGSIT%2B7yDo1SwehKsGmYtj5Mw8uLVPiIv2ua0OL1E3mj5RVUIB8v3hZhCE6o6G2uMdisaDgaiPgKt3HyU745%2F2juD%2BykNH%2BOOm8YMUBp55eWhUmHq5ysMv4%3D%7Ctkp%3ABk9SR5C51eXYZw&LH_ItemCondition=2000%2C3000,HYDRATED,1
206144107648,5800X,164,ebay,AMD Ryzen 7 5800X 3.80GHz 8 Core 100-000000063 16 Thread AM4Opens in a new window or tab,AMD Ryzen 7 5800X 3.80GHz 8 Core 100-000000063 16 Thread AM4,137.5,0.0,137.5,USD,3000,1,1,0,,,,0,,[],1,0,,,,2026-06-14 13:39:20.758701,"""[]""",https://www.ebay.com/itm/206144107648?_skw=Ryzen+5800X&epid=25041983953&itmmeta=01KV35NBHWRCYMTQQR80ZWFQQV&hash=item2fff257480%3Ag%3Agv4AAeSwLfppuG3o&itmprp=enc%3AAQALAAAAwGfYFPkwiKCW4ZNSs2u11xBJaEF27ERON7wm%2BtsJBAaSqT4W%2BIWfNUsxzhoSYy4LVQGHS7XPfN62BHYLGEHrE7n%2Bpl0NEBzOSOEnLnGuY7xl1%2BsYShiP9tDd2%2BwORq%2BTQMgQpDNA2JZZ9Jr8vJgWyOlP3rg69DnBxs7luBCySoDdsOjfIwkyxO5rgv9LW9HaLO6MeE9Ssp%2BdDQOUQpPk4D6K7nCuC494xd0jAmCEIKHwVaPlexltCbyhztRPYvUY9g%3D%3D%7Ctkp%3ABk9SR5C51eXYZw&LH_ItemCondition=2000%2C3000,HYDRATED,1
205623015112,5800X,164,ebay,"*NO BOX* Amd Ryzen 7 5800x 8-core, 16-thread Unlocked Desktop ProcessorOpens in a new window or tab","*NO BOX* Amd Ryzen 7 5800x 8-core, 16-thread Unlocked Desktop Processor",132.99,0.0,132.99,USD,3000,1,1,1,,,,0,,[],1,0,,,,2026-06-14 14:25:48.278032,"""[]""",https://www.ebay.com/itm/205623015112?_skw=Ryzen+5800X&epid=12041984358&itmmeta=01KV38BSHEYSPX2151A9X3905Y&hash=item2fe01636c8%3Ag%3A6FAAAeSwi51oemqX&itmprp=enc%3AAQALAAAA8GfYFPkwiKCW4ZNSs2u11xDzrT0lcoKCz6BCr%2BeMGBZ5b0Q2fl8uw69vvvhd61Efv8uIoPXm%2FJGdPdr%2FMgupBQGIlDow0r7ZDC9wexmhuc6HpC7%2FUIOjOSU2SY8TulY%2FgC1MUJZwd9J6XTYRljqqGvo6pIq%2BMlKDDFxDm4RCK2dGOxRebX6Hkik9gC%2BBkf%2BLLCy8UMBenIzEPK%2BF064gn2HCo806vq8WP8caXgN%2BnoXxpxds5uJxLnNO3kAFUoSKfpc28eXeUtyVrIO53o%2FY7J1X8rumIp78ajxme%2BspPhsM%2FIucWh2oGqZVBk3IUprFXg%3D%3D%7Ctkp%3ABk9SR_KYr-jYZw&LH_ItemCondition=2000%2C3000,HYDRATED,1
168343671763,5800X,164,ebay,TESTED - 100-000000063 AMD Ryzen 7 5800X Processor Chip Desktop CPUOpens in a new window or tab,TESTED - 100-000000063 AMD Ryzen 7 5800X Processor Chip Desktop CPU,132.5,0.0,132.5,USD,3000,1,0,0,,,,0,,[],1,0,,,,2026-06-14 14:25:48.279282,"""[]""",https://www.ebay.com/itm/168343671763?_skw=Ryzen+5800X&epid=16045763535&itmmeta=01KV38BSHE764W2NHSXVPQ21Q6&hash=item27321093d3%3Ag%3AOoMAAeSwx-9p86Fg&itmprp=enc%3AAQALAAAA0GfYFPkwiKCW4ZNSs2u11xCI2gzgwnNWsMWMZGHJGlmswgxB3Y1ZwIcbwfEwT71iU7TodUHlhux8Onte34Iplh2zJSTh5X4ksgz9NlwXqT%2Bhsn9tblh4wbXeLBixgXfUpxUdZofKFPKjYgPNOBGBvO%2FsjBoD9kvYaLrLl3nUlLTSjIh282jHJOfb0nVJY3rNsXHdiCHPAhDOCP5OO0n%2Ftw956F%2FCxPcPqsZ0uWFeYr3ryYPJOEukHt7bFB23BX12q3svYwHE0VCN06zDRZ84T5w%3D%7Ctkp%3ABk9SR_KYr-jYZw&LH_ItemCondition=2000%2C3000,HYDRATED,1
168306229781,5800X,164,ebay,hp IC CPU CPU RYZEN7-5800X 8C 3.8G 4 MB / 100-000000063 - M46323-A02Opens in a new window or tab,hp IC CPU CPU RYZEN7-5800X 8C 3.8G 4 MB / 100-000000063 - M46323-A02,133.0,0.0,133.0,USD,3000,1,0,0,,,,0,,[],1,0,,,,2026-06-14 14:25:48.280367,"""[]""",https://www.ebay.com/itm/168306229781?_skw=Ryzen+5800X&itmmeta=01KV38BSHEW9EZ56GSX427TMQA&hash=item272fd54215%3Ag%3AFaoAAeSwwUlp3PtZ&itmprp=enc%3AAQALAAAA8GfYFPkwiKCW4ZNSs2u11xB2NLOU5TQHbe6MKWGJ44QLhD4CAq5QID6HVC7%2BlP%2FHcRy0bFNzrkgSLxb4oXphmyVDetmTx8YAyIQLqUhDjPcX64JMLwf28NcqdlC9aLkRWDFc2YkNluxPRraP%2BAwLgnOpnBorlKBsixhZqqdaUUtVSMEIdklyf7UPlw%2BZPKCnjd4XzI7ZdS%2Fl5qZBSEeEPtoZMR7mveaBZNs77a%2Bm2VnwOcvdIRne5hDDKECRVsZjxkEJ6SZClahv6Vt3zNG3Ehle8Wh%2FHyhR7jgjkqGg0Sn5Z0nK%2BNRPS6wuPCQx44kAfg%3D%3D%7Ctkp%3ABk9SR_KYr-jYZw&LH_ItemCondition=2000%2C3000,HYDRATED,1
406815227376,5800X,164,ebay,hp IC CPU CPU RYZEN7-5800X 8C 3.8G 4 MB / 100-000000063 - M46323-A02Opens in a new window or tab,hp IC CPU CPU RYZEN7-5800X 8C 3.8G 4 MB / 100-000000063 - M46323-A02,130.0,0.0,130.0,USD,3000,1,1,0,,,,0,,[],1,0,,,,2026-06-14 14:25:48.281303,"""[]""",https://www.ebay.com/itm/406815227376?_skw=Ryzen+5800X&itmmeta=01KV38BSHENGK4MR5FN07BTRGD&hash=item5eb813bdf0%3Ag%3AH5AAAeSwGTppytyb&itmprp=enc%3AAQALAAAA8GfYFPkwiKCW4ZNSs2u11xAhIayizZ2qlvZ3DBqwDfPUJlZ1Ak7mgvaTFTYki0rYe5VxstQlQBNHWJ7JdbjRQCYPKQ4oHMALm9iLWO%2FT4KJ4TonoL6PHz%2F3EkZqjTiHkq%2Bk%2B1vxMQJKjzzjLc49qR7%2FV%2FPGRxGyPHpKEDYGVOHBdmTdJArH%2BsdOuusS9SoAXU0zL9yuNARuOslLqd4RTyTbGZXn%2FWEggrEJhsvQl%2FNahr%2BQZkwSr9n8LQ9Ma1KlfnjkkJ3mS8hTinONMAjF3S7Oqje3mmbtqQPNXqHc1iUlmXxqR9b4i0NKFPgaZiVnguQ%3D%3D%7Ctkp%3ABk9SR_KYr-jYZw&LH_ItemCondition=2000%2C3000,HYDRATED,1
198188072027,5800X,164,ebay,"AMD Ryzen 7 5800X, 4.7GHz, 8 Cores, Socket AM4 CPU ProcessorOpens in a new window or tab","AMD Ryzen 7 5800X, 4.7GHz, 8 Cores, Socket AM4 CPU Processor",118.99,0.0,118.99,USD,3000,1,0,0,,,,0,,[],1,0,,,,2026-06-14 14:31:55.594353,"""[]""",https://www.ebay.com/itm/198188072027?_skw=Ryzen+5800X&epid=13041997240&itmmeta=01KV38N8Z7G04BSF641MP4JDVN&hash=item2e24edfc5b%3Ag%3AmeMAAeSwk6Rptbqh&itmprp=enc%3AAQALAAAA8GfYFPkwiKCW4ZNSs2u11xC1n0XUrhA7Re9u4omyAlXUbSmENb2fIwQF%2BFRLxtJzjZdY35qmiv1lGFNam656ssyCJ9JcotC8th80gS7lzGNLbyVcDODz7bf493TanAQ97Szq5Tf9Tv5NmzMgfb7UrhJy5CLuEgL67bpAfX71vLyielOEzEZrGTaq33C0L4FhZgIeJmfq1vU9SVAEM7unexwM1S7ixN13zY3ULD7TZPcL%2B5tL%2FW0xsUpPZsRSak7dp33KEazEo%2B4Ny2VYy3UXaNq4%2FbQaXAKyDi3R0H7FrYRlKE6dE3mc%2BhVG%2Bb0hyH2%2FAg%3D%3D%7Ctkp%3ABk9SR9qP1ejYZw&LH_ItemCondition=7000,HYDRATED,1
157963943230,5800X,164,ebay,AMD Ryzen 7 5800X 8-Core 16-Thread AM4 Desktop Processor CPU 100-000000063Opens in a new window or tab,AMD Ryzen 7 5800X 8-Core 16-Thread AM4 Desktop Processor CPU 100-000000063,112.37,0.0,112.37,USD,3000,1,1,0,,,,0,,[],1,0,,,,2026-06-14 14:31:55.595794,"""[]""",https://www.ebay.com/itm/157963943230?_skw=Ryzen+5800X&epid=12041984358&itmmeta=01KV38NY702JNQH5KADKDGDWM5&hash=item24c7627d3e%3Ag%3A0ckAAeSw0WlqHx7f&itmprp=enc%3AAQALAAAA0GfYFPkwiKCW4ZNSs2u11xD7Bk3hSWMtAlSEUrGNlr2ou6WJqzX5fJbkBM2Nt7a3OBPhcTpsnLBiSh2lyIf5GHMdwjLMfZ%2Fz82BrUMrfMc8nZTTyLQAoc29JcszssZhmirmn3CAdnhNL5a9VtEjug0%2Fnv%2Fw0boyF0nnbh5IffWYxUNDtcaZkxzcSJMV7ozC3p24WzjWO5gxRRny03iy1k69j7H1hB9b1IADYMklYOQIWWLKevMW22UGHPlFqLF7WXmJXaAVu9MMqDRUnJhcK11k%3D%7Ctkp%3ABk9SR9zj1-jYZw&LH_ItemCondition=2000%2C3000,HYDRATED,1
188455434514,5800X,164,ebay,AMD Ryzen 7 5800X 8-Core 3.8GHz Socket AM4 CPU Processor 100-000000063Opens in a new window or tab,AMD Ryzen 7 5800X 8-Core 3.8GHz Socket AM4 CPU Processor 100-000000063,112.37,0.0,112.37,USD,3000,1,1,0,,,,0,,[],1,0,,,,2026-06-14 14:31:55.596817,"""[]""",https://www.ebay.com/itm/188455434514?_skw=Ryzen+5800X&epid=25041983953&itmmeta=01KV38NY70AAS9E0R3Y6XSYNBD&hash=item2be0d1b912%3Ag%3A3VcAAeSwp2JqHlX8&itmprp=enc%3AAQALAAAA0GfYFPkwiKCW4ZNSs2u11xDPbjTmiBqcbYqffbCxF%2BolYPYadGmrfoI4gmc9Lr9kEU0DZFpJXCLktgsKkiu%2FCTTjCrKDKOLaLOwOS0xsXj0Tu%2FZWZh5izkUEtSayGofTU85YwyizVmrgQO%2FTV7oOHbuMXyPtLWhFpg25ZNfhe9mUmOTNK0tjMaOzSQKQZfowvXiqPcRWyEgcNIxhoe%2B52LuMUisKf2hgsiHrlUO3sW2lWoJmQZcR06y9kx6%2B2G8hqewM%2Ff8hpcyG3wW3O7S0UaA%3D%7Ctkp%3ABk9SR9zj1-jYZw&LH_ItemCondition=2000%2C3000,HYDRATED,1
278008041451,5800X,164,ebay,AMD Ryzen 7 5800XOpens in a new window or tab,AMD Ryzen 7 5800X,111.83,0.0,111.83,USD,3000,1,1,0,,,,0,,[],1,0,,,,2026-06-14 14:31:55.597770,"""[]""",https://www.ebay.com/itm/278008041451?_skw=Ryzen+5800X&itmmeta=01KV38NY70QQD8CWV5WGPH4DF6&hash=item40ba920feb%3Ag%3Axg4AAeSwFU1qDuyV&itmprp=enc%3AAQALAAAA0GfYFPkwiKCW4ZNSs2u11xAf5JgsfR%2FNqT%2BA4UIdRrKyKkq6KDMGx9LWg3eM69rhGSAaHEhPIc2GAEJ6BPxWX%2BAiDT2EastfN%2FU2GnFVOIfcL%2FLgdTkqd9P41pHNfSXeNDNdOJEuaZe7dyAJRQMbERBvjfQ1HL97E9bFDK9tB9YXsCmNHbtP4Khb4CuFXxsKaUiaxaiLoIGtepc9YOcp6KDLNverGV4nLIRb1nhXFIBT3XxB1kja90RGJxQthuhPQKHi6QCysw%2BZ4ml0sy5TfF0%3D%7Ctkp%3ABk9SR9zj1-jYZw&LH_ItemCondition=2000%2C3000,HYDRATED,1
277872960919,5800X,164,ebay,"AMD Ryzen 7 5800X Processor (3.8GHz, 8 Cores, Socket AM4)  100-100000063WOFOpens in a new window or tab","AMD Ryzen 7 5800X Processor (3.8GHz, 8 Cores, Socket AM4) 100-100000063WOF",110.22,0.0,110.22,USD,3000,1,1,1,,,,0,,[],1,0,,,,2026-06-14 14:31:55.598693,"""[]""",https://www.ebay.com/itm/277872960919?_skw=Ryzen+5800X&epid=12041984358&itmmeta=01KV38NY71H3S0E7W38FVRY9WC&hash=item40b284e597%3Ag%3AKGEAAeSwRahp1VAq&itmprp=enc%3AAQALAAAA0GfYFPkwiKCW4ZNSs2u11xDsnk69HXNNS8LgmGMdVJzTtK56gFIPA7CXlCiI7cRSjlTdKXlpLPR1ohMLv3433Cyxx7HNFMTkUCnrAsczVt%2BpMKuhMnRboBgFWhIaLstwH5aCbZjjlyLLJ7BPgG4YNSe0zuEE63eN6nGvYs9ENRVB3REGwyVhLhHozl0MAnPrDVgEW3UT75GLnWqzLvs%2FLp0RkJjKvdOse148Fd%2B9pBLNgBQTsWpPzjks%2FQcXvZyJlB0IeDrzF4OjmZbXBWHwa%2Fc%3D%7Ctkp%3ABk9SR97j1-jYZw&LH_ItemCondition=2000%2C3000,HYDRATED,1
